Study,VE,rate,Half-life
Andrews (2012),0.5437771473574502,-0.1998817568337259,3.46778611284945
Djennad (2018),0.42304999200083215,-0.052714153437570285,13.14916650194988
Guttierez (2014),0.48178113853872523,-0.03237403799526373,21.410587726540374
Rudnick (2013),0.433377809248378,-0.019502005104321728,35.542354586213335
